filename,person,context
101elrt_0_crop0.jpg,solo,outdoors
101x6uc_0_crop0.jpg,solo,outdoors
1081oyd_0_crop0.jpg,selfie,everyday
109wszk_0_crop0.jpg,solo,outdoors
10djb3i_0_crop0.jpg,solo,everyday
10dugiv_0_crop0.jpg,solo,everyday
10fbibc_0_crop0.jpg,solo,everyday
10fbibc_0_crop1.jpg,solo,music_performing
10pktil_0_crop0.jpg,solo,outdoors
10pktil_0_crop1.jpg,solo,everyday
10pktil_0_crop2.jpg,solo,everyday
10pktil_0_crop3.jpg,solo,outdoors
10uqau8_0_crop0.jpg,solo,outdoors
111qa1n_0_crop0.jpg,group,everyday
111qa1n_0_crop1.jpg,solo,outdoors
114a8ya_0_crop0.jpg,solo,everyday
114a8ya_11_crop0.jpg,group,outdoors
114a8ya_11_crop1.jpg,no_person,animal
114a8ya_12_crop0.jpg,group,outdoors
114a8ya_14_crop0.jpg,solo,everyday
114a8ya_2_crop0.jpg,solo,everyday
114a8ya_6_crop0.jpg,solo,everyday
114a8ya_6_crop1.jpg,solo,outdoors
114a8ya_7_crop0.jpg,solo,outdoors
114a8ya_8_crop0.jpg,solo,everyday
11dgwpc_0_crop0.jpg,solo,everyday
11dtvte_0_crop0.jpg,solo,food_restaurant
11ka29t_0_crop0.jpg,group,everyday
11kkz7r_0_crop1.jpg,solo,food_restaurant
11l5hc9_0_crop0.jpg,solo,outdoors
11rh6un_0_crop0.jpg,solo,outdoors
11xxsgw_0_crop0.jpg,solo,everyday
11z7vl2_0_crop0.jpg,solo,outdoors
123s8in_0_crop0.jpg,solo,nightlife
123wuy1_0_crop0.jpg,solo,nightlife
123wuy1_0_crop1.jpg,solo,everyday
12448xs_0_crop0.jpg,solo,everyday
127v02n_0_crop0.jpg,solo,animal
12dji14_0_crop0.jpg,solo,food_restaurant
12dji14_0_crop2.jpg,group,everyday
12dji14_0_crop3.jpg,group,outdoors
12dji14_0_crop4.jpg,group,everyday
12dji14_0_crop5.jpg,solo,outdoors
12dji14_0_crop6.jpg,solo,outdoors
12nkmb3_0_crop0.jpg,solo,animal
12nkmb3_0_crop1.jpg,solo,music_performing
12nkmb3_0_crop2.jpg,solo,animal
12nkmb3_0_crop3.jpg,group,everyday
12nkmb3_0_crop4.jpg,group,nightlife
12nkmb3_0_crop5.jpg,solo,animal
12nkmb3_0_crop6.jpg,no_person,everyday
131il6f_0_crop0.jpg,solo,nightlife
1372bvj_0_crop0.jpg,solo,sport_gym
1372bvj_1_crop0.jpg,solo,outdoors
1372bvj_4_crop0.jpg,solo,everyday
1372bvj_4_crop1.jpg,solo,sport_gym
13gs3cn_0_crop0.jpg,solo,everyday
13h0nwr_0_crop0.jpg,solo,everyday
13h0nwr_2_crop0.jpg,solo,outdoors
13h0nwr_4_crop0.jpg,group,everyday
13h0nwr_5_crop0.jpg,solo,sport_gym
13h0nwr_5_crop1.jpg,solo,outdoors
13h0nwr_6_crop0.jpg,solo,outdoors
13hg1ld_0_crop0.jpg,solo,everyday
13hg1ld_2_crop1.jpg,solo,sport_gym
13hg1ld_3_crop1.jpg,solo,animal
13hg1ld_4_crop0.jpg,solo,animal
13hg1ld_5_crop0.jpg,solo,music_performing
13ohh95_0_crop0.jpg,solo,travel_landmark
13p97zl_0_crop0.jpg,solo,everyday
13phplt_0_crop0.jpg,solo,everyday
13zgynh_0_crop0.jpg,solo,outdoors
141s594_0_crop0.jpg,solo,everyday
141s594_4_crop0.jpg,solo,music_performing
141s594_5_crop0.jpg,solo,food_restaurant
141s594_7_crop0.jpg,solo,outdoors
141s594_9_crop0.jpg,solo,everyday
1460fze_0_crop0.jpg,solo,outdoors
146e8b1_0_crop0.jpg,solo,travel_landmark
146e8b1_0_crop1.jpg,solo,animal
146e8b1_0_crop2.jpg,solo,outdoors
146e8b1_0_crop3.jpg,solo,food_restaurant
146e8b1_0_crop4.jpg,solo,food_restaurant
146e8b1_0_crop5.jpg,solo,food_restaurant
14c9hvs_0_crop0.jpg,solo,everyday
14c9hvs_0_crop1.jpg,group,everyday
14c9hvs_1_crop0.jpg,solo,animal
14c9hvs_3_crop0.jpg,solo,outdoors
14c9hvs_3_crop1.jpg,solo,travel_landmark
14dvfh1_0_crop0.jpg,solo,everyday
14fvwyl_0_crop0.jpg,solo,outdoors
14km01t_0_crop0.jpg,solo,outdoors
14km01t_0_crop1.jpg,group,nightlife
14km01t_0_crop2.jpg,solo,animal
14km01t_0_crop3.jpg,solo,outdoors
14km01t_0_crop4.jpg,solo,animal
14km01t_0_crop5.jpg,solo,animal
14kto93_0_crop0.jpg,solo,animal
14kto93_2_crop0.jpg,group,outdoors
14kto93_3_crop1.jpg,group,everyday
14kto93_5_crop0.jpg,group,nightlife
14kto93_7_crop0.jpg,group,outdoors
14kto93_8_crop1.jpg,solo,sport_gym
14lckty_0_crop0.jpg,group,everyday
14sj8da_0_crop0.jpg,solo,everyday
14sj8da_1_crop0.jpg,no_person,animal
14sj8da_4_crop0.jpg,solo,animal
14sj8da_5_crop0.jpg,solo,sport_gym
14sj8da_6_crop0.jpg,group,outdoors
14sj8da_7_crop0.jpg,solo,everyday
14sj8da_7_crop1.jpg,solo,outdoors
14ym124_0_crop0.jpg,solo,outdoors
157ek22_1_crop1.jpg,solo,animal
157ek22_3_crop0.jpg,group,sport_gym
157ek22_4_crop0.jpg,group,sport_gym
157ek22_4_crop1.jpg,solo,everyday
159rpa9_0_crop0.jpg,solo,outdoors
15y4c30_0_crop0.jpg,solo,outdoors
15y4c30_1_crop1.jpg,solo,music_performing
15y4c30_2_crop0.jpg,solo,music_performing
15y4c30_2_crop1.jpg,solo,outdoors
15y4c30_3_crop1.jpg,solo,outdoors
15y4c30_4_crop1.jpg,solo,music_performing
15y4c30_4_crop2.jpg,solo,outdoors
16nckc0_0_crop0.jpg,solo,everyday
16nckc0_0_crop1.jpg,solo,nightlife
16vl61j_0_crop0.jpg,solo,everyday
17csmba_0_crop0.jpg,solo,food_restaurant
17csmba_2_crop0.jpg,solo,outdoors
17csmba_2_crop1.jpg,solo,food_restaurant
17csmba_5_crop0.jpg,solo,outdoors
17csmba_5_crop1.jpg,no_person,food_restaurant
17nw82p_0_crop0.jpg,solo,travel_landmark
17nx8xh_0_crop0.jpg,solo,travel_landmark
185acs6_0_crop0.jpg,solo,outdoors
18cv921_0_crop0.jpg,solo,travel_landmark
18dtnpz_0_crop0.jpg,solo,everyday
18dtnpz_3_crop0.jpg,solo,everyday
18dtnpz_3_crop1.jpg,selfie,everyday
18dtnpz_7_crop0.jpg,selfie,everyday
18q2y5c_0_crop0.jpg,solo,outdoors
18r9nbj_0_crop0.jpg,solo,outdoors
18rvegk_0_crop0.jpg,solo,everyday
1945z11_0.jpg,solo,food_restaurant
19crf3f_0_crop0.jpg,solo,outdoors
19e9m7c_0_crop0.jpg,solo,outdoors
19ecoec_0_crop0.jpg,solo,sport_gym
1aisy7n_0_crop0.jpg,solo,everyday
1akpabh_0_crop0.jpg,solo,everyday
1aqfopd_2_crop0.jpg,solo,outdoors
1aqfopd_3_crop0.jpg,solo,everyday
1aqfopd_3_crop1.jpg,solo,outdoors
1aqfopd_5_crop1.jpg,solo,everyday
1aqfopd_6_crop0.jpg,solo,everyday
1aqfopd_6_crop1.jpg,solo,travel_landmark
1aqfopd_7_crop0.jpg,solo,outdoors
1ar2ydv_0.jpg,solo,outdoors
1ar38w2_0.jpg,solo,outdoors
1as2bgd_0.jpg,solo,everyday
1as2bgd_3.png,solo,everyday
1axrdak_0_crop0.jpg,solo,outdoors
1axrgqa_0_crop0.jpg,solo,outdoors
1bsjyz7_0_crop0.jpg,solo,food_restaurant
1c9ja5s_0_crop0.jpg,solo,outdoors
1cag7be_0_crop0.jpg,solo,outdoors
1cagjmz_0_crop0.jpg,solo,outdoors
1capwm1_0_crop0.jpg,solo,everyday
1cdtp2k_0_crop0.jpg,solo,outdoors
1cdtp2k_3_crop0.jpg,solo,outdoors
1cdtp2k_3_crop1.jpg,solo,animal
1cdtp2k_5_crop1.jpg,group,everyday
1cdtp2k_6_crop0.jpg,solo,music_performing
1ci0vez_0_crop0.jpg,solo,music_performing
1ci0vez_0_crop1.jpg,solo,outdoors
1ci0vez_0_crop2.jpg,group,outdoors
1ci0vez_0_crop3.jpg,solo,nightlife
1ci0vez_0_crop4.jpg,solo,everyday
1ci0vez_0_crop5.jpg,solo,everyday
1crj5i9_0_crop0.jpg,solo,everyday
1cufohc_0_crop0.jpg,solo,food_restaurant
1d7xr83_0_crop0.jpg,solo,animal
1de01p8_0_crop0.jpg,solo,outdoors
1de01p8_1_crop0.jpg,solo,outdoors
1de01p8_3_crop0.jpg,no_person,animal
1de01p8_4_crop0.jpg,solo,sport_gym
1de01p8_4_crop1.jpg,solo,sport_gym
1dkpxwg_0_crop0.jpg,solo,everyday
1dpszg0_0_crop1.jpg,solo,outdoors
1dpszg0_2_crop0.jpg,solo,outdoors
1dpszg0_3_crop0.jpg,solo,everyday
1dpszg0_5_crop0.jpg,solo,nightlife
1dpszg0_6_crop0.jpg,solo,everyday
1dr2cdk_0_crop0.jpg,group,outdoors
1dxmjh8_0_crop0.jpg,group,outdoors
1e37v50_0_crop0.jpg,solo,everyday
1e37v50_2_crop0.jpg,solo,outdoors
1e37v50_3_crop0.jpg,group,outdoors
1e37v50_5_crop0.jpg,group,outdoors
1e37v50_7_crop0.jpg,solo,nightlife
1e3hv86_0.jpg,solo,everyday
1e4c6ym_0_crop0.jpg,solo,everyday
1e6mpq7_0_crop0.jpg,solo,outdoors
1e6mpq7_0_crop1.jpg,no_person,nightlife
1e8i9tc_0_crop0.jpg,solo,everyday
1e8s5xr_0_crop0.jpg,solo,animal
1e9v6vm_0_crop0.jpg,solo,everyday
1ea86qi_0_crop0.jpg,solo,everyday
1ea86qi_0_crop1.jpg,solo,everyday
1ea86qi_0_crop2.jpg,solo,everyday
1ea86qi_0_crop3.jpg,group,outdoors
1ea86qi_0_crop4.jpg,group,outdoors
1ea86qi_0_crop5.jpg,no_person,animal
1eajpr5_0_crop0.jpg,no_person,everyday
1ecrobm_0_crop0.jpg,solo,everyday
1eenffs_0.jpg,solo,outdoors
1eenffs_2.png,solo,outdoors
1eenffs_3.png,solo,sport_gym
1eenffs_5.png,solo,travel_landmark
1eenffs_7.png,solo,outdoors
1eenffs_8.png,solo,sport_gym
1eigp33_0_crop0.jpg,solo,outdoors
1eigp33_0_crop1.jpg,selfie,outdoors
1eigp33_1_crop0.jpg,solo,outdoors
1eigp33_3_crop0.jpg,solo,everyday
1eigp33_5_crop0.jpg,solo,outdoors
1ej1ca5_0_crop0.jpg,solo,animal
1ekb7zh_1_crop0.jpg,group,outdoors
1ekb7zh_3_crop0.jpg,solo,everyday
1ekbahe_0_crop0.jpg,solo,outdoors
1ekbahe_0_crop1.jpg,group,outdoors
1ekbahe_0_crop2.jpg,group,sport_gym
1ekbahe_0_crop3.jpg,solo,outdoors
1ekbahe_1_crop0.jpg,solo,outdoors
1ekbahe_1_crop1.jpg,solo,outdoors
1ekbahe_1_crop2.jpg,group,everyday
1ekbahe_1_crop3.jpg,solo,outdoors
1el159d_0_crop0.jpg,solo,everyday
1el159d_3_crop0.jpg,group,outdoors
1el159d_3_crop1.jpg,solo,everyday
1el159d_4_crop0.jpg,solo,everyday
1el159d_5_crop0.jpg,solo,outdoors
1el159d_7_crop0.jpg,solo,food_restaurant
1el159d_7_crop1.jpg,solo,everyday
1elo94r_0_crop0.jpg,solo,outdoors
1ezpkqy_0_crop0.jpg,solo,everyday
1f0s5vs_0_crop0.jpg,group,outdoors
1f13oda_0_crop0.jpg,selfie,everyday
1f2jtcb_0_crop0.jpg,solo,everyday
1f2k1is_0.jpg,selfie,everyday
1f3i3n5_0.jpg,solo,everyday
1fa0yo7_0_crop0.jpg,solo,everyday
1fa0yo7_0_crop1.jpg,solo,outdoors
1fa0yo7_0_crop2.jpg,solo,everyday
1fa0yo7_0_crop3.jpg,group,nightlife
1fa0yo7_0_crop4.jpg,solo,outdoors
1fa0yo7_0_crop5.jpg,group,nightlife
1fdj76g_0_crop0.jpg,solo,animal
1fhvark_0_crop0.jpg,solo,outdoors
1fkayiv_0_crop0.jpg,selfie,everyday
1flnvj7_0_crop0.jpg,solo,travel_landmark
1fzt0pp_3_crop0.jpg,group,nightlife
1gdcfpw_0_crop0.jpg,solo,outdoors
1gdcfpw_0_crop1.jpg,solo,sport_gym
1gwy2ow_0_crop0.jpg,solo,sport_gym
1h7p2kc_0_crop0.jpg,solo,sport_gym
1hcsr0a_0_crop0.jpg,selfie,everyday
1hohd16_0_crop0.jpg,solo,everyday
1hon6ek_0_crop0.jpg,solo,everyday
1hrya96_0_crop0.jpg,group,outdoors
1hrya96_4_crop0.jpg,solo,everyday
1hrya96_5_crop0.jpg,solo,sport_gym
1hrya96_6_crop0.jpg,solo,sport_gym
1hrya96_8_crop0.jpg,group,outdoors
1hrya96_9_crop0.jpg,solo,everyday
1i5n8xj_0_crop0.jpg,solo,food_restaurant
1iq4qwu_0_crop0.jpg,solo,outdoors
1iq4qwu_4_crop0.jpg,solo,everyday
1iq4qwu_6_crop0.jpg,solo,outdoors
1iq4qwu_8_crop0.jpg,solo,sport_gym
1iq4qwu_9_crop0.jpg,solo,sport_gym
1iq4qwu_9_crop1.jpg,solo,outdoors
1jo4kln_0_crop0.jpg,selfie,outdoors
1jwd8si_0_crop0.jpg,solo,outdoors
1jz8aqg_0_crop0.jpg,solo,outdoors
1k6clxg_0_crop0.jpg,solo,everyday
1k6p1ow_0_crop0.jpg,solo,sport_gym
1k94eod_0.jpg,solo,everyday
1kcffc5_0_crop0.jpg,solo,everyday
1kcffc5_2_crop0.jpg,solo,sport_gym
1kcffc5_2_crop1.jpg,solo,music_performing
1kcffc5_3_crop0.jpg,group,sport_gym
1kcffc5_5_crop0.jpg,solo,animal
1kcffc5_5_crop1.jpg,group,sport_gym
1kcffc5_7_crop0.jpg,group,sport_gym
1kcffc5_7_crop1.jpg,group,sport_gym
1kfsuqv_0_crop0.jpg,solo,outdoors
1kggeud_0_crop0.jpg,solo,outdoors
1kih5bd_0_crop0.jpg,solo,outdoors
1kiq8xg_0_crop0.jpg,solo,outdoors
1kivhez_0_crop0.jpg,solo,outdoors
1kjgtc2_0_crop0.jpg,solo,everyday
1kk23bo_0_crop0.jpg,solo,sport_gym
1kk2a46_0_crop0.jpg,solo,sport_gym
1kke12j_0_crop0.jpg,solo,sport_gym
1klri5r_0_crop0.jpg,selfie,everyday
1klv7qx_0_crop0.jpg,group,outdoors
1klyfsn_0_crop0.jpg,group,outdoors
1kmavpt_0_crop0.jpg,group,outdoors
1kw9a8k_2_crop0.jpg,group,outdoors
1kw9a8k_2_crop1.jpg,group,everyday
1kw9a8k_5_crop0.jpg,solo,outdoors
1kw9a8k_6_crop0.jpg,solo,outdoors
1kyoemj_0_crop0.jpg,solo,food_restaurant
1l4kfz0_0_crop0.jpg,solo,outdoors
1l4kfz0_10_crop0.jpg,solo,sport_gym
1l4kfz0_11_crop1.jpg,solo,music_performing
1l4kfz0_4_crop0.jpg,solo,music_performing
1l4kfz0_7_crop0.jpg,solo,sport_gym
1l4kfz0_8_crop0.jpg,solo,outdoors
1l4kfz0_9_crop0.jpg,solo,outdoors
1l8jbz8_0_crop0.jpg,solo,outdoors
1l8n1xn_0_crop0.jpg,solo,outdoors
1l8p4re_0_crop0.jpg,solo,outdoors
1l91k6t_0_crop0.jpg,solo,outdoors
1l958dx_0_crop0.jpg,solo,outdoors
1l9m9mn_0_crop0.jpg,solo,outdoors
1la4xxf_0_crop0.jpg,solo,everyday
1la7t90_0_crop0.jpg,group,outdoors
1lahxsh_0_crop0.jpg,solo,outdoors
1lap6yu_0_crop0.jpg,selfie,outdoors
1laui1l_0_crop0.jpg,selfie,everyday
1lax78l_0_crop0.jpg,solo,nightlife
1lbb37z_0_crop0.jpg,solo,nightlife
1lbt2ay_0_crop0.jpg,solo,travel_landmark
1lbt2ay_0_crop1.jpg,solo,everyday
1lbtncw_0_crop0.jpg,solo,everyday
1lbx8b4_0_crop0.jpg,solo,outdoors
1lbx8b4_0_crop1.jpg,solo,outdoors
1lbxybv_0_crop0.jpg,solo,outdoors
1lbzj3e_0_crop0.jpg,solo,everyday
1lbzs6e_0_crop0.jpg,solo,outdoors
1lc1qq9_0_crop0.jpg,solo,food_restaurant
1lcirht_0_crop0.jpg,solo,outdoors
1lcjsrs_0_crop0.jpg,solo,outdoors
1lcktf1_0_crop0.jpg,solo,outdoors
1lcktf1_0_crop1.jpg,solo,sport_gym
1lclx61_0.jpeg,solo,outdoors
1ld7190_0.jpeg,solo,outdoors
1ldgerm_0_crop0.jpg,solo,everyday
1lds0xq_0_crop0.jpg,solo,outdoors
1le8brt_0_crop0.jpg,solo,outdoors
1lenk27_0_crop0.jpg,solo,outdoors
1lenk27_0_crop1.jpg,solo,outdoors
1lf2jt1_0_crop0.jpg,solo,outdoors
1lfkwrf_0_crop0.jpg,solo,food_restaurant
1lfl260_0_crop0.jpg,solo,food_restaurant
1lfoqop_0_crop0.jpg,solo,everyday
1lfpej9_0_crop0.jpg,solo,outdoors
1lfpurp_0_crop0.jpg,solo,nightlife
1lfskbm_0_crop0.jpg,solo,everyday
1lfy96n_0_crop0.jpg,solo,animal
1lfzuuh_0_crop0.jpg,solo,outdoors
1lg0vcj_0_crop0.jpg,solo,animal
1lg75qc_0_crop0.jpg,solo,animal
1lgn6no_0_crop0.jpg,solo,everyday
1lhjxwn_0_crop0.jpg,solo,outdoors
1lhmdxh_0_crop0.jpg,solo,everyday
1lhngeu_0_crop0.jpg,group,sport_gym
1lhoq49_0_crop0.jpg,solo,outdoors
1lhovq8_0_crop0.jpg,solo,outdoors
1lhwrsc_0_crop0.jpg,solo,sport_gym
1li2rda_0_crop0.jpg,selfie,outdoors
1li3c4p_0_crop0.jpg,solo,everyday
1li3g78_0_crop0.jpg,solo,everyday
1li4oc8_0_crop0.jpg,solo,outdoors
1li4v1j_0_crop0.jpg,solo,everyday
1li6lih_0_crop0.jpg,solo,outdoors
1li7rz9_0_crop0.jpg,solo,everyday
1li96vh_0_crop0.jpg,solo,outdoors
1liezst_0_crop0.jpg,solo,animal
1lilluw_0_crop0.jpg,solo,animal
1linzuh_0_crop0.jpg,solo,outdoors
1lipvnu_0_crop0.jpg,selfie,sport_gym
1liurrc_0_crop0.jpg,selfie,everyday
1lj3in9_0_crop0.jpg,solo,everyday
1lj7w38_0_crop0.jpg,solo,sport_gym
1lj7w38_0_crop1.jpg,solo,sport_gym
1ljegg4_0_crop0.jpg,selfie,outdoors
1ljflbg_0_crop0.jpg,solo,outdoors
1ljgsju_0_crop0.jpg,group,everyday
1ljmvlb_0_crop0.jpg,solo,everyday
1ljp9yn_0_crop0.jpg,solo,music_performing
1ljr3su_0_crop0.jpg,selfie,everyday
1ljs7vg_0_crop0.jpg,solo,outdoors
1ljsan1_0_crop0.jpg,solo,everyday
1lk3ogk_0_crop0.jpg,solo,outdoors
1lk7ouy_0_crop0.jpg,solo,everyday
1lk9lot_0_crop0.jpg,solo,everyday
1lkj5em_0_crop0.jpg,solo,outdoors
1lkjvkm_0_crop0.jpg,solo,outdoors
1lkotxh_0_crop0.jpg,solo,outdoors
1ll3wae_0_crop0.jpg,solo,outdoors
1ll496t_0_crop0.jpg,solo,outdoors
1ll9j5x_0_crop0.jpg,solo,travel_landmark
1ll9uxg_0_crop0.jpg,solo,outdoors
1lla4ka_0_crop0.jpg,solo,outdoors
1llai6s_0_crop0.jpg,selfie,outdoors
1llbspv_0_crop0.jpg,selfie,outdoors
1llcyaq_0_crop0.jpg,solo,everyday
1llhik7_0_crop0.jpg,solo,everyday
1llhkkb_0_crop0.jpg,solo,food_restaurant
1llirlu_0_crop0.jpg,solo,sport_gym
1llo8eg_0_crop0.jpg,solo,outdoors
1llrbgk_0_crop0.jpg,solo,outdoors
1lltbyg_0_crop0.jpg,solo,everyday
1lm27q6_0_crop0.jpg,solo,outdoors
1lmdlkg_0_crop0.jpg,solo,everyday
1lmp52l_0.jpeg,selfie,everyday
1lmqaj8_0_crop0.jpg,solo,everyday
1lmriop_0_crop0.jpg,solo,everyday
1lmriop_0_crop1.jpg,solo,sport_gym
1lmsbhb_0_crop0.jpg,solo,everyday
1lmwkzp_0_crop0.jpg,solo,music_performing
1lmy6wu_0_crop0.jpg,selfie,everyday
1ln05pj_0_crop0.jpg,solo,outdoors
1ln05pj_3_crop0.jpg,solo,outdoors
1ln05pj_4_crop0.jpg,solo,outdoors
1ln05pj_6_crop0.jpg,solo,outdoors
1ln05pj_8_crop0.jpg,solo,outdoors
1ln05pj_9_crop0.jpg,solo,travel_landmark
1ln6ry6_0_crop0.jpg,solo,everyday
1lndnu2_0_crop0.jpg,solo,everyday
1lne6we_0_crop0.jpg,solo,everyday
1lnhf0k_0_crop0.jpg,group,everyday
1lnihxe_0_crop0.jpg,selfie,sport_gym
1lnlndd_0_crop0.jpg,group,everyday
1lnltvp_0_crop0.jpg,solo,outdoors
1lnmhvw_0_crop0.jpg,selfie,everyday
1lno2om_0_crop0.jpg,solo,outdoors
1lnof6x_0_crop0.jpg,solo,outdoors
1lnomp8_0_crop0.jpg,solo,outdoors
1lnqv81_0_crop0.jpg,solo,outdoors
1lo8xh7_0_crop0.jpg,solo,food_restaurant
1lod8rr_0_crop0.jpg,solo,outdoors
1mevuig_0_crop0.jpg,group,outdoors
1moqlo8_0_crop0.jpg,selfie,everyday
1mpfbur_0_crop0.jpg,selfie,everyday
1n98rcv_0_crop0.jpg,selfie,everyday
1ob0785_0_crop0.jpg,selfie,everyday
1oxjxjz_0_crop0.jpg,solo,outdoors
1oxjxjz_0_crop2.jpg,solo,sport_gym
1oxjxjz_0_crop3.jpg,solo,everyday
1oxjxjz_0_crop5.jpg,selfie,everyday
1oxjxjz_0_crop6.jpg,selfie,outdoors
1oxjxjz_0_crop7.jpg,solo,outdoors
1pa34o6_0_crop0.jpg,solo,everyday
1pa34o6_10_crop0.jpg,solo,everyday
1pa34o6_4_crop0.jpg,solo,outdoors
1pa34o6_5_crop0.jpg,solo,outdoors
1pa34o6_7_crop0.jpg,group,outdoors
1pa34o6_9_crop0.jpg,solo,everyday
1pq772y_0.jpg,solo,music_performing
ed2l76_1_crop0.jpg,solo,sport_gym
ed2l76_1_crop1.jpg,group,everyday
ed2l76_2_crop1.jpg,solo,sport_gym
ed2l76_4_crop0.jpg,selfie,everyday
edmvty_0_crop0.jpg,solo,animal
eefei9_0_crop0.jpg,solo,everyday
eefei9_1_crop0.jpg,solo,everyday
eefei9_5_crop0.jpg,solo,everyday
eefei9_6_crop0.jpg,solo,everyday
eefei9_7_crop0.jpg,solo,everyday
eefei9_7_crop1.jpg,solo,everyday
eitkbr_0_crop0.jpg,solo,everyday
eitkbr_1_crop0.jpg,solo,outdoors
eitkbr_2_crop0.jpg,solo,sport_gym
eitkbr_3_crop0.jpg,no_person,outdoors
eitkbr_4_crop0.jpg,group,outdoors
eitkbr_4_crop1.jpg,selfie,everyday
eitkbr_5_crop0.jpg,solo,animal
eitkbr_5_crop1.jpg,selfie,everyday
eitkbr_8_crop1.jpg,selfie,everyday
eli7ck_0_crop0.jpg,solo,outdoors
enszua_0_crop0.jpg,solo,outdoors
enzrd1_0_crop0.jpg,solo,sport_gym
esfkup_0_crop0.jpg,group,outdoors
esfkup_0_crop1.jpg,solo,everyday
esfkup_0_crop2.jpg,group,outdoors
esfkup_0_crop3.jpg,solo,outdoors
esfkup_0_crop4.jpg,group,outdoors
esfkup_0_crop5.jpg,solo,sport_gym
f1rud4_0_crop0.jpg,solo,everyday
f8zwqf_0_crop0.jpg,solo,outdoors
fag8zx_0_crop0.jpg,group,everyday
fgvrw7_0_crop0.jpg,solo,outdoors
fgvrw7_2_crop0.jpg,solo,food_restaurant
fgvrw7_4_crop0.jpg,group,outdoors
fgvrw7_4_crop1.jpg,solo,animal
fwkqky_0_crop0.jpg,selfie,everyday
fy67vm_0_crop0.jpg,solo,outdoors
g05m7g_0_crop0.jpg,solo,everyday
g08byt_0_crop0.jpg,solo,outdoors
g1ti44_0_crop0.jpg,solo,everyday
g1ti44_0_crop1.jpg,solo,animal
g1ti44_0_crop3.jpg,solo,sport_gym
g1ti44_0_crop4.jpg,group,sport_gym
g1ti44_0_crop5.jpg,no_person,outdoors
g1ti44_0_crop6.jpg,selfie,everyday
g3d8d7_0_crop0.jpg,solo,outdoors
g3k2au_0_crop0.jpg,solo,outdoors
g3k2au_0_crop1.jpg,solo,animal
g3k2au_0_crop3.jpg,solo,everyday
g3k2au_0_crop4.jpg,solo,outdoors
g3k2au_0_crop5.jpg,solo,outdoors
g3k2au_0_crop6.jpg,solo,outdoors
g3vyj0_0_crop1.jpg,solo,outdoors
g8bf4j_0_crop0.jpg,solo,outdoors
gbsj2h_0_crop0.jpg,solo,everyday
gcryoe_0_crop0.jpg,solo,animal
gd5pw1_0_crop0.jpg,solo,music_performing
geft4n_0_crop0.jpg,solo,outdoors
gf6muy_0_crop0.jpg,solo,animal
gf6muy_0_crop1.jpg,group,everyday
gf6muy_0_crop2.jpg,solo,everyday
gf6muy_0_crop3.jpg,group,outdoors
gf6muy_0_crop4.jpg,solo,everyday
gf6muy_0_crop5.jpg,group,everyday
ggn927_0_crop0.jpg,solo,outdoors
gj5lrz_0_crop0.jpg,solo,outdoors
gj5lrz_1_crop0.jpg,solo,everyday
gj5lrz_2_crop0.jpg,solo,outdoors
gj5lrz_4_crop1.jpg,solo,outdoors
gj5lrz_6_crop0.jpg,solo,everyday
gj5lrz_7_crop0.jpg,selfie,everyday
gkvfyb_0_crop0.jpg,group,outdoors
gkvqmk_0_crop0.jpg,solo,outdoors
gl8ryj_0_crop0.jpg,solo,everyday
gl8ryj_1_crop0.jpg,solo,everyday
gl8ryj_2_crop0.jpg,solo,everyday
gl8ryj_3_crop0.jpg,solo,animal
gl8ryj_4_crop1.jpg,solo,everyday
gl8ryj_4_crop2.jpg,solo,everyday
gl8ryj_5_crop0.jpg,solo,everyday
gl8ryj_5_crop1.jpg,solo,animal
gli7sv_0_crop0.jpg,solo,everyday
gmdw92_0_crop0.jpg,solo,everyday
gqorpi_0_crop0.jpg,selfie,everyday
grlgbj_0_crop0.jpg,solo,outdoors
grlgbj_1_crop0.jpg,solo,outdoors
grlgbj_2_crop0.jpg,solo,animal
grlgbj_3_crop0.jpg,solo,nightlife
grlgbj_4_crop0.jpg,group,nightlife
grlgbj_5_crop0.jpg,group,nightlife
grlgbj_5_crop1.jpg,solo,outdoors
gt7u7n_0_crop0.jpg,selfie,everyday
gt7u7n_0_crop1.jpg,solo,outdoors
gt7u7n_0_crop2.jpg,group,everyday
gt7u7n_0_crop3.jpg,solo,everyday
gt7u7n_0_crop4.jpg,solo,food_restaurant
gt7u7n_0_crop5.jpg,solo,outdoors
gu07ih_0_crop0.jpg,solo,everyday
gva5h4_0_crop0.jpg,solo,everyday
gyp343_0_crop0.jpg,group,everyday
gz5ury_0_crop0.jpg,solo,outdoors
h02mjm_0_crop0.jpg,solo,animal
h051a0_0_crop0.jpg,selfie,everyday
h0y5dd_0_crop0.jpg,solo,everyday
h7v42v_0_crop0.jpg,selfie,everyday
h7yvoi_1_crop0.jpg,solo,music_performing
h7yvoi_2_crop0.jpg,solo,sport_gym
h7yvoi_3_crop1.jpg,solo,music_performing
h7yvoi_4_crop1.jpg,group,everyday
h7yvoi_5_crop0.jpg,solo,music_performing
h93xyd_0_crop0.jpg,solo,outdoors
h95nkk_0_crop0.jpg,solo,outdoors
h9k9bg_0_crop1.jpg,solo,outdoors
haa69p_0_crop0.jpg,solo,outdoors
haazrs_0_crop0.jpg,selfie,everyday
hbpmif_0_crop0.jpg,solo,everyday
hbqwzp_0_crop0.jpg,solo,outdoors
hgmugw_0_crop0.jpg,solo,everyday
hi8wt6_0_crop0.jpg,solo,everyday
hkm1gf_0_crop0.jpg,selfie,everyday
hkm1gf_0_crop2.jpg,solo,outdoors
hlcbkx_0_crop0.jpg,solo,everyday
hlcbkx_0_crop1.jpg,solo,outdoors
hlcbkx_0_crop2.jpg,solo,everyday
hlcbkx_0_crop3.jpg,solo,everyday
hlcbkx_0_crop4.jpg,solo,everyday
hm7h28_0_crop0.jpg,solo,nightlife
hpe215_0_crop0.jpg,solo,outdoors
hqg9zk_0_crop0.jpg,solo,nightlife
hqqfsx_0_crop0.jpg,solo,food_restaurant
hqqfsx_2_crop0.jpg,solo,outdoors
hqqfsx_3_crop0.jpg,solo,sport_gym
hqqfsx_5_crop0.jpg,solo,everyday
hqqfsx_6_crop0.jpg,group,nightlife
hqqfsx_6_crop1.jpg,solo,everyday
hqqfsx_7_crop0.jpg,solo,everyday
hra0wj_0_crop0.jpg,solo,outdoors
hrq1cx_0_crop0.jpg,solo,everyday
hvg097_0_crop0.jpg,solo,animal
hvjt3y_0_crop0.jpg,solo,everyday
hvxepf_0_crop0.jpg,solo,everyday
hxtlrw_0_crop0.jpg,group,outdoors
hymfi1_0_crop0.jpg,group,everyday
hymfi1_0_crop1.jpg,selfie,everyday
hymfi1_0_crop3.jpg,group,outdoors
hymfi1_0_crop4.jpg,group,sport_gym
hymfi1_0_crop5.jpg,solo,animal
hymfi1_0_crop6.jpg,solo,everyday
hzk61u_0_crop1.jpg,solo,animal
i2er97_0_crop0.jpg,selfie,everyday
i526y0_0_crop0.jpg,group,outdoors
i6d696_0_crop0.jpg,selfie,outdoors
i6nlro_0_crop1.jpg,solo,animal
i70en2_0_crop0.jpg,solo,outdoors
i8beqo_0_crop0.jpg,solo,everyday
iaxk3q_0_crop1.jpg,selfie,outdoors
ib86j3_0_crop0.jpg,solo,outdoors
ibz4xc_0_crop0.jpg,solo,everyday
ibz4xc_0_crop1.jpg,solo,music_performing
ibz4xc_0_crop2.jpg,group,everyday
ibz4xc_0_crop3.jpg,group,everyday
ibz4xc_0_crop4.jpg,solo,music_performing
ibz4xc_0_crop5.jpg,solo,outdoors
ibzd3w_0_crop0.jpg,selfie,outdoors
ibzd3w_0_crop1.jpg,solo,outdoors
ibzd3w_0_crop2.jpg,solo,outdoors
ibzd3w_0_crop3.jpg,selfie,everyday
ibzd3w_0_crop4.jpg,solo,everyday
ibzd3w_0_crop5.jpg,selfie,everyday
icbo0z_0_crop0.jpg,selfie,outdoors
idmy8q_0_crop0.jpg,solo,food_restaurant
ifighd_0_crop0.jpg,solo,outdoors
ig6417_0_crop0.jpg,solo,outdoors
iie627_0_crop0.jpg,solo,everyday
iix910_0_crop0.jpg,solo,everyday
ij9mre_0_crop0.jpg,solo,everyday
ik63rj_0_crop0.jpg,solo,outdoors
ik63rj_1_crop0.jpg,group,outdoors
ik63rj_2_crop0.jpg,solo,outdoors
ik63rj_3_crop0.jpg,solo,outdoors
ik63rj_4_crop0.jpg,solo,outdoors
ik63rj_4_crop1.jpg,solo,outdoors
ilcpo6_0_crop0.jpg,solo,outdoors
imo19s_0_crop0.jpg,solo,outdoors
ioppic_0_crop0.jpg,selfie,everyday
ioppic_0_crop1.jpg,selfie,everyday
ioppic_0_crop2.jpg,selfie,everyday
iqb3bu_0_crop0.jpg,solo,everyday
itlqzp_0_crop0.jpg,solo,everyday
ivti2d_0_crop0.jpg,solo,outdoors
ivti2d_1_crop0.jpg,solo,sport_gym
ivti2d_3_crop0.jpg,solo,everyday
ivti2d_4_crop0.jpg,group,everyday
ivti2d_4_crop1.jpg,solo,outdoors
ix9b2d_0_crop0.jpg,solo,everyday
ixaddz_0_crop0.jpg,solo,outdoors
izdyz2_0_crop0.jpg,solo,sport_gym
izdyz2_1_crop0.jpg,solo,outdoors
izdyz2_2_crop0.jpg,solo,outdoors
izdyz2_3_crop0.jpg,selfie,outdoors
izdyz2_4_crop0.jpg,selfie,everyday
izdyz2_4_crop1.jpg,solo,everyday
j0ihvj_0_crop0.jpg,solo,travel_landmark
j2416r_0_crop0.jpg,solo,everyday
j6upns_0_crop0.jpg,solo,music_performing
jbez7y_0_crop0.jpg,selfie,everyday
jbv2l9_0_crop0.jpg,solo,food_restaurant
jbv2l9_0_crop1.jpg,solo,animal
jbv2l9_0_crop2.jpg,solo,everyday
jbv2l9_0_crop3.jpg,solo,everyday
jbv2l9_0_crop4.jpg,solo,outdoors
jbv2l9_0_crop5.jpg,solo,food_restaurant
jed7uk_0_crop0.jpg,solo,outdoors
jj1r8b_0_crop0.jpg,solo,everyday
jr80mr_0_crop0.jpg,solo,outdoors
jrwhdl_0_crop0.jpg,solo,outdoors
jxyv37_0_crop0.jpg,solo,outdoors
k30ej6_0_crop0.jpg,solo,everyday
k5gy99_0_crop0.jpg,selfie,outdoors
k5gy99_0_crop1.jpg,solo,outdoors
k5gy99_0_crop2.jpg,solo,outdoors
k5gy99_0_crop3.jpg,group,everyday
k5gy99_0_crop4.jpg,solo,sport_gym
k5gy99_0_crop5.jpg,solo,outdoors
k5hbz3_0_crop0.jpg,solo,everyday
k5hbz3_0_crop1.jpg,solo,music_performing
k5hbz3_0_crop3.jpg,solo,everyday
k5hbz3_0_crop4.jpg,group,everyday
k5hbz3_0_crop5.jpg,solo,music_performing
k5hbz3_0_crop6.jpg,no_person,animal
k7glt8_0_crop0.jpg,selfie,outdoors
k7glt8_1_crop0.jpg,solo,everyday
k7glt8_2_crop0.jpg,solo,everyday
k7glt8_3_crop0.jpg,solo,nightlife
k7glt8_4_crop0.jpg,solo,everyday
k7glt8_4_crop1.jpg,group,everyday
k81ydj_0_crop0.jpg,selfie,outdoors
k81ydj_1_crop0.jpg,solo,everyday
k81ydj_2_crop0.jpg,solo,animal
k81ydj_3_crop0.jpg,solo,sport_gym
k81ydj_4_crop0.jpg,solo,everyday
k81ydj_4_crop1.jpg,group,sport_gym
k81ydj_5_crop0.jpg,group,sport_gym
kcja9a_0_crop0.jpg,group,everyday
kftc1a_0_crop0.jpg,solo,nightlife
kh4e7i_0_crop0.jpg,solo,nightlife
klgnhd_0_crop0.jpg,solo,outdoors
kp51rl_0_crop0.jpg,solo,outdoors
kp51rl_1_crop1.jpg,solo,outdoors
kp51rl_2_crop0.jpg,solo,sport_gym
kp51rl_3_crop0.jpg,no_person,outdoors
kp51rl_4_crop1.jpg,selfie,outdoors
kp51rl_5_crop0.jpg,solo,outdoors
kpeur9_0_crop0.jpg,selfie,everyday
kpeur9_0_crop1.jpg,solo,everyday
kpeur9_1_crop0.jpg,solo,everyday
kpeur9_2_crop0.jpg,selfie,everyday
kpeur9_2_crop1.jpg,selfie,everyday
kpeur9_3_crop0.jpg,selfie,everyday
kpeur9_4_crop0.jpg,solo,animal
kpeur9_4_crop1.jpg,group,everyday
kqofom_0_crop0.jpg,solo,outdoors
krcxew_0_crop0.jpg,solo,food_restaurant
krcxew_0_crop2.jpg,solo,animal
krcxew_0_crop4.jpg,group,everyday
krffd4_0_crop0.jpg,selfie,everyday
krr6vu_0_crop0.jpg,solo,sport_gym
kskjqz_0_crop0.jpg,solo,outdoors
kvo7ci_0_crop0.jpg,solo,outdoors
kvo7ci_2_crop0.jpg,solo,outdoors
kvo7ci_4_crop0.jpg,selfie,everyday
kvo7ci_6_crop0.jpg,solo,outdoors
kvo7ci_8_crop0.jpg,solo,animal
kvo7ci_9_crop0.jpg,group,outdoors
kw54jf_0_crop0.jpg,solo,outdoors
kw54jf_0_crop1.jpg,solo,sport_gym
kw54jf_0_crop2.jpg,group,outdoors
kw54jf_0_crop3.jpg,group,outdoors
kw54jf_0_crop4.jpg,solo,outdoors
kw54jf_0_crop5.jpg,solo,nightlife
ky1btk_0_crop0.jpg,solo,everyday
l36b60_0_crop0.jpg,solo,outdoors
l3jzvv_0_crop0.jpg,solo,outdoors
l5nofa_0_crop1.jpg,solo,sport_gym
lggzht_0_crop0.jpg,solo,outdoors
lggzht_1_crop0.jpg,solo,outdoors
lggzht_2_crop0.jpg,solo,outdoors
lggzht_3_crop0.jpg,solo,travel_landmark
lggzht_4_crop0.jpg,solo,sport_gym
lggzht_4_crop1.jpg,solo,outdoors
lggzht_5_crop0.jpg,solo,sport_gym
lggzht_5_crop1.jpg,solo,outdoors
lhwufh_0_crop0.jpg,solo,everyday
ljrkc2_0_crop1.jpg,group,everyday
lsn2zt_0_crop0.jpg,solo,outdoors
lysrfg_0_crop0.jpg,solo,outdoors
m1b51a_0_crop0.jpg,solo,food_restaurant
m39l72_0_crop0.jpg,solo,outdoors
m39l72_0_crop1.jpg,solo,outdoors
mcbe4v_0_crop0.jpg,solo,animal
mcxczo_0_crop0.jpg,solo,outdoors
mjqvhp_0_crop0.jpg,solo,everyday
mjqvhp_10.jpg,group,outdoors
mjqvhp_1_crop0.jpg,solo,everyday
mjqvhp_2_crop0.jpg,solo,outdoors
mjqvhp_3_crop0.jpg,solo,sport_gym
mjqvhp_4_crop0.jpg,solo,sport_gym
mjqvhp_4_crop1.jpg,no_person,food_restaurant
mjqvhp_5_crop0.jpg,solo,everyday
mjqvhp_6_crop0.jpg,solo,outdoors
mjqvhp_7.jpg,selfie,outdoors
mjqvhp_8_crop0.jpg,selfie,everyday
mjqvhp_9_crop0.jpg,no_person,nightlife
mjqwve_0_crop0.jpg,solo,everyday
mka24f_2_crop0.jpg,solo,outdoors
mka24f_3_crop1.jpg,solo,outdoors
mka24f_5_crop0.jpg,solo,sport_gym
mka24f_7_crop0.jpg,group,everyday
mka24f_8_crop0.jpg,solo,outdoors
mkm23e_0_crop0.jpg,solo,outdoors
mm41d1_0_crop0.jpg,solo,everyday
mm41d1_0_crop1.jpg,solo,everyday
mqw2y8_0_crop0.jpg,solo,everyday
mqw2y8_2_crop0.jpg,solo,outdoors
mqw2y8_3_crop0.jpg,solo,outdoors
mqw2y8_5_crop0.jpg,solo,everyday
mqw2y8_7_crop0.jpg,solo,sport_gym
mqw2y8_8_crop0.jpg,group,outdoors
mtjwhn_0_crop0.jpg,solo,outdoors
mtjwhn_0_crop1.jpg,solo,animal
mtjwhn_0_crop2.jpg,selfie,everyday
mtjwhn_0_crop3.jpg,group,outdoors
mtjwhn_0_crop4.jpg,solo,animal
mtjwhn_0_crop5.jpg,group,everyday
mv62qk_0_crop0.jpg,solo,outdoors
mvsqy9_0_crop0.jpg,solo,food_restaurant
mvsqy9_0_crop1.jpg,group,everyday
mvsqy9_0_crop2.jpg,solo,everyday
mvsqy9_0_crop3.jpg,solo,everyday
mvsqy9_0_crop4.jpg,solo,everyday
mvsqy9_0_crop5.jpg,group,food_restaurant
mwdesp_0_crop0.jpg,solo,sport_gym
mwdesp_0_crop1.jpg,solo,sport_gym
mwp4jm_0_crop0.jpg,selfie,everyday
n13huo_0_crop0.jpg,group,food_restaurant
n5q7xr_0_crop0.jpg,solo,outdoors
n9yzfo_0_crop0.jpg,solo,outdoors
n9yzfo_0_crop1.jpg,solo,outdoors
n9yzfo_0_crop2.jpg,solo,sport_gym
n9yzfo_0_crop3.jpg,group,outdoors
nek03e_0_crop0.jpg,solo,music_performing
nfgt84_1_crop0.jpg,solo,music_performing
nfgt84_2_crop0.jpg,solo,outdoors
nfgt84_3_crop0.jpg,group,outdoors
nfgt84_4_crop0.jpg,solo,outdoors
nfgt84_4_crop1.jpg,group,nightlife
njjhyp_0_crop0.jpg,solo,outdoors
nop0vn_0_crop0.jpg,solo,outdoors
nop0vn_0_crop1.jpg,solo,outdoors
nop0vn_0_crop2.jpg,solo,animal
nop0vn_0_crop3.jpg,solo,sport_gym
nop0vn_0_crop4.jpg,solo,outdoors
nop0vn_0_crop5.jpg,solo,animal
nowpqu_0_crop0.jpg,selfie,animal
nowpqu_0_crop1.jpg,group,everyday
nowpqu_0_crop3.jpg,group,sport_gym
nowpqu_0_crop4.jpg,group,outdoors
nowpqu_0_crop6.jpg,solo,outdoors
nt27cf_0.jpg,solo,outdoors
nu3kwv_0_crop0.jpg,solo,everyday
nuh0qm_0_crop0.jpg,solo,outdoors
o0v0to_0_crop0.jpg,selfie,everyday
o9gcmy_0_crop0.jpg,solo,outdoors
ob67b2_0_crop0.jpg,solo,sport_gym
ob67b2_1_crop0.jpg,group,outdoors
ob67b2_3_crop0.jpg,selfie,everyday
ob67b2_5_crop0.jpg,group,outdoors
obv4l7_0_crop0.jpg,solo,outdoors
ofyh61_0_crop0.jpg,solo,outdoors
oh1wdh_0_crop0.jpg,solo,music_performing
oiyzo1_0_crop0.jpg,solo,animal
oiyzo1_0_crop2.jpg,group,everyday
oiyzo1_0_crop3.jpg,solo,animal
oof7jp_0_crop0.jpg,solo,outdoors
oof7jp_2_crop0.jpg,solo,animal
oof7jp_3_crop0.jpg,solo,everyday
oof7jp_5_crop0.jpg,solo,outdoors
oof7jp_7_crop0.jpg,solo,outdoors
oof7jp_8_crop0.jpg,group,everyday
opj7pm_0_crop0.jpg,solo,outdoors
owsooc_0_crop0.jpg,selfie,everyday
owsooc_1_crop0.jpg,selfie,everyday
owsooc_2_crop0.jpg,group,everyday
owsooc_3_crop0.jpg,selfie,everyday
owsooc_5_crop0.jpg,solo,outdoors
p1t1ps_0_crop0.jpg,solo,outdoors
p6h1q5_0_crop0.jpg,group,food_restaurant
p6n32f_0_crop0.jpg,solo,everyday
p9krpq_0_crop0.jpg,solo,outdoors
pexzvz_0_crop0.jpg,solo,outdoors
pexzvz_0_crop1.jpg,group,everyday
pexzvz_0_crop2.jpg,group,everyday
pexzvz_0_crop3.jpg,group,outdoors
pexzvz_0_crop4.jpg,solo,outdoors
pilslh_0_crop0.jpg,solo,outdoors
pjzizy_0_crop0.jpg,solo,everyday
pjzizy_0_crop1.jpg,solo,animal
pjzizy_0_crop2.jpg,solo,everyday
pjzizy_0_crop3.jpg,solo,everyday
pjzizy_0_crop4.jpg,selfie,everyday
pjzizy_0_crop5.jpg,selfie,everyday
q0ydqh_0_crop0.jpg,solo,everyday
q0ydqh_0_crop1.jpg,solo,everyday
q0ydqh_0_crop2.jpg,solo,outdoors
q0ydqh_0_crop3.jpg,solo,outdoors
q0ydqh_0_crop4.jpg,solo,outdoors
q5ou82_0_crop0.jpg,solo,outdoors
q5xjkh_0_crop0.jpg,solo,outdoors
q5xjkh_1_crop1.jpg,group,outdoors
q5xjkh_2_crop1.jpg,solo,outdoors
q5xjkh_3_crop1.jpg,solo,outdoors
q5xjkh_4_crop1.jpg,group,everyday
q5xjkh_5_crop0.jpg,solo,outdoors
q87ftc_0_crop0.jpg,solo,animal
qbnnm1_0_crop0.jpg,solo,outdoors
qfkbun_0_crop0.jpg,solo,outdoors
qih30c_0_crop0.jpg,group,animal
qj0ox8_0_crop0.jpg,group,animal
qowevn_0_crop0.jpg,solo,everyday
qpesjn_0_crop0.jpg,solo,outdoors
qq6pgi_0_crop0.jpg,solo,outdoors
qq6pgi_0_crop1.jpg,solo,outdoors
qq6pgi_0_crop2.jpg,solo,outdoors
qq6pgi_0_crop3.jpg,solo,everyday
qq6pgi_0_crop4.jpg,solo,everyday
qq6pgi_0_crop5.jpg,solo,everyday
qsn6kn_0_crop0.jpg,selfie,everyday
qsn6kn_1_crop0.jpg,solo,outdoors
qsn6kn_2_crop0.jpg,solo,outdoors
qsn6kn_4_crop0.jpg,solo,outdoors
qsn6kn_5_crop0.jpg,no_person,animal
qwsapw_0_crop0.jpg,solo,outdoors
qwsapw_0_crop1.jpg,solo,animal
qwsapw_0_crop2.jpg,group,everyday
qwsapw_0_crop3.jpg,solo,animal
qwyi3k_0_crop0.jpg,selfie,everyday
qzvf2u_0_crop1.jpg,no_person,outdoors
r8ql56_0_crop0.jpg,solo,animal
r8ql56_0_crop1.jpg,solo,everyday
r8ql56_0_crop2.jpg,solo,animal
r8ql56_0_crop3.jpg,no_person,animal
r8ql56_0_crop4.jpg,solo,outdoors
r8ql56_0_crop5.jpg,group,everyday
rcrs1x_0_crop0.jpg,solo,outdoors
rcsdgc_0_crop0.jpg,solo,food_restaurant
rcsdgc_0_crop1.jpg,selfie,everyday
rcsdgc_0_crop2.jpg,solo,everyday
rcsdgc_0_crop3.jpg,selfie,everyday
rcsdgc_0_crop4.jpg,solo,outdoors
rcsdgc_0_crop5.jpg,solo,outdoors
rf5gv5_0_crop0.jpg,solo,outdoors
rgq42o_0_crop0.jpg,solo,outdoors
rkl98f_0_crop0.jpg,solo,everyday
rlcxho_0_crop0.jpg,selfie,everyday
rlcxho_2_crop0.jpg,solo,everyday
rlcxho_3_crop0.jpg,group,outdoors
rlcxho_5_crop0.jpg,solo,sport_gym
rlcxho_7_crop0.jpg,solo,outdoors
rlcxho_8_crop0.jpg,solo,everyday
rnshme_0_crop0.jpg,selfie,outdoors
rpp3nb_0_crop0.jpg,solo,everyday
rrks5o_0_crop0.jpg,solo,everyday
rukhip_0_crop0.jpg,solo,outdoors
rukhip_2_crop0.jpg,solo,outdoors
rukhip_5_crop0.jpg,solo,outdoors
rukhip_6_crop0.jpg,solo,food_restaurant
rukhip_8_crop0.jpg,solo,outdoors
rupqmx_0_crop0.jpg,solo,outdoors
rupqmx_2_crop0.jpg,solo,outdoors
ruzakb_0_crop0.jpg,solo,everyday
ruzakb_0_crop1.jpg,solo,outdoors
ruzakb_0_crop2.jpg,solo,sport_gym
ruzakb_0_crop3.jpg,solo,outdoors
ruzakb_0_crop4.jpg,group,everyday
ruzakb_0_crop5.jpg,solo,everyday
rw21dn_0_crop0.jpg,solo,everyday
s11kai_0_crop0.jpg,solo,everyday
s39xc5_0_crop0.jpg,solo,outdoors
s5kmjx_0_crop0.jpg,solo,food_restaurant
s5ykoa_0_crop0.jpg,solo,food_restaurant
s734nd_0_crop0.jpg,solo,animal
s8tkoz_0_crop0.jpg,solo,outdoors
sdccje_0_crop0.jpg,solo,sport_gym
shf8uf_0_crop0.jpg,solo,outdoors
shqfrt_0_crop0.jpg,solo,outdoors
sop86r_0_crop0.jpg,solo,outdoors
sop86r_0_crop3.jpg,group,everyday
sop86r_0_crop4.jpg,solo,everyday
sop86r_0_crop5.jpg,selfie,outdoors
sop86r_0_crop6.jpg,solo,everyday
sop86r_0_crop7.jpg,solo,animal
srilak_0_crop0.jpg,solo,animal
srilak_1_crop1.jpg,solo,outdoors
srilak_2_crop0.jpg,solo,outdoors
srilak_3_crop0.jpg,group,outdoors
srilak_4_crop0.jpg,solo,sport_gym
srilak_4_crop1.jpg,solo,outdoors
srilak_5_crop0.jpg,solo,sport_gym
srilak_5_crop1.jpg,solo,outdoors
ss1van_0_crop0.jpg,solo,travel_landmark
ss1van_0_crop2.jpg,solo,outdoors
ss1van_0_crop3.jpg,group,everyday
ss1van_0_crop4.jpg,solo,outdoors
ss1van_0_crop5.jpg,solo,music_performing
ss1van_0_crop6.jpg,group,outdoors
starlp_0_crop0.jpg,solo,outdoors
starlp_0_crop1.jpg,solo,outdoors
starlp_0_crop2.jpg,solo,outdoors
starlp_0_crop3.jpg,solo,outdoors
starlp_0_crop4.jpg,solo,outdoors
sxb78z_0_crop0.jpg,solo,outdoors
sxb78z_0_crop3.jpg,group,outdoors
sxb78z_0_crop4.jpg,group,outdoors
sxb78z_0_crop5.jpg,group,everyday
sxfemr_0_crop0.jpg,group,outdoors
sz11k2_0_crop0.jpg,solo,outdoors
t2q5r9_0_crop0.jpg,solo,everyday
t3x5g0_0_crop0.jpg,solo,everyday
t3x5g0_0_crop1.jpg,solo,everyday
t40lov_0_crop0.jpg,selfie,everyday
t551q6_0_crop0.jpg,solo,animal
t551q6_2_crop1.jpg,solo,outdoors
t551q6_4_crop0.jpg,solo,outdoors
t551q6_5_crop0.jpg,solo,everyday
t551q6_6_crop0.jpg,solo,everyday
t551q6_8_crop0.jpg,group,everyday
t551q6_9_crop0.jpg,solo,everyday
t95s1c_0_crop0.jpg,solo,outdoors
t95s1c_0_crop1.jpg,solo,outdoors
t95s1c_0_crop2.jpg,group,everyday
t95s1c_0_crop3.jpg,no_person,animal
t9ee1a_0_crop0.jpg,solo,outdoors
tdvqgh_0_crop0.jpg,solo,outdoors
tebnq2_0_crop0.jpg,solo,everyday
tebnq2_0_crop1.jpg,solo,outdoors
tebnq2_0_crop2.jpg,solo,outdoors
tebnq2_0_crop3.jpg,group,everyday
tebnq2_0_crop4.jpg,solo,outdoors
tebnq2_0_crop5.jpg,solo,food_restaurant
teuc3w_0_crop0.jpg,solo,everyday
teuc3w_2_crop0.jpg,group,everyday
teuc3w_2_crop1.jpg,solo,outdoors
teuc3w_2_crop2.jpg,solo,outdoors
teuc3w_5_crop0.jpg,solo,sport_gym
teuc3w_5_crop1.jpg,no_person,outdoors
teuc3w_6_crop1.jpg,solo,outdoors
teuqn1_0_crop0.jpg,selfie,everyday
tg3ihm_0_crop0.jpg,solo,everyday
tgm3jl_0_crop0.jpg,solo,food_restaurant
thdmum_0_crop0.jpg,solo,everyday
thmlfo_0_crop0.jpg,solo,everyday
tn6awg_0_crop0.jpg,solo,outdoors
to52aq_0_crop0.jpg,solo,everyday
tp4mw5_0_crop0.jpg,solo,everyday
tu5gwz_0_crop0.jpg,solo,everyday
tx2ygm_0_crop0.jpg,solo,outdoors
tzgskd_0_crop0.jpg,solo,outdoors
u0pr21_0_crop0.jpg,solo,outdoors
u0pr21_0_crop2.jpg,group,everyday
u0pr21_0_crop3.jpg,solo,outdoors
u97q6n_0_crop0.jpg,solo,music_performing
ub675q_0_crop0.jpg,selfie,outdoors
ubvfmd_0_crop0.jpg,solo,outdoors
ufmu28_0_crop0.jpg,solo,everyday
ufpuus_0_crop0.jpg,solo,outdoors
ufpuus_0_crop1.jpg,solo,music_performing
ufpuus_0_crop2.jpg,solo,outdoors
ufpuus_0_crop3.jpg,group,everyday
ufpuus_0_crop4.jpg,solo,animal
ufpuus_0_crop5.jpg,solo,music_performing
uia2xl_0_crop0.jpg,group,everyday
uihi3c_0_crop0.jpg,solo,food_restaurant
uin3q5_0_crop0.jpg,solo,outdoors
um3ktv_0_crop0.jpg,solo,everyday
um3ktv_0_crop2.jpg,solo,animal
um3ktv_0_crop3.jpg,solo,outdoors
um3ktv_0_crop4.jpg,solo,outdoors
um3ktv_0_crop5.jpg,solo,outdoors
um3ktv_0_crop6.jpg,solo,everyday
umboyu_0_crop0.jpg,solo,sport_gym
umboyu_0_crop1.jpg,solo,outdoors
upwxvk_0_crop0.jpg,selfie,everyday
upwxvk_0_crop1.jpg,selfie,everyday
upwxvk_0_crop2.jpg,solo,animal
upwxvk_0_crop3.jpg,solo,animal
upwxvk_0_crop4.jpg,selfie,everyday
upwxvk_0_crop5.jpg,group,outdoors
upwxvk_0_crop6.jpg,solo,everyday
uq8hh8_0_crop0.jpg,solo,animal
utykxf_0_crop0.jpg,solo,outdoors
uuzn3a_0_crop0.jpg,solo,everyday
uxt5vx_0_crop0.jpg,solo,animal
v3ehrh_0_crop0.jpg,solo,outdoors
v3ehrh_0_crop1.jpg,solo,music_performing
v3ehrh_0_crop2.jpg,solo,outdoors
v3ehrh_0_crop3.jpg,solo,outdoors
v3ehrh_0_crop4.jpg,solo,outdoors
v3ehrh_0_crop5.jpg,solo,sport_gym
v5ilme_0_crop0.jpg,no_person,outdoors
v5ilme_0_crop1.jpg,solo,outdoors
v5rr4u_0_crop0.jpg,solo,outdoors
v6xe1c_0_crop0.jpg,solo,everyday
v736my_0_crop0.jpg,solo,outdoors
v7evyf_0_crop0.jpg,solo,outdoors
v8aykx_0_crop0.jpg,solo,everyday
vcdoas_0_crop0.jpg,solo,everyday
vdao06_0_crop0.jpg,solo,everyday
vfwnkr_0_crop0.jpg,solo,everyday
vgzgf4_0_crop0.jpg,solo,outdoors
vgzgf4_0_crop1.jpg,solo,outdoors
vgzgf4_0_crop2.jpg,group,everyday
vgzgf4_0_crop3.jpg,solo,outdoors
vgzgf4_0_crop4.jpg,group,outdoors
vgzgf4_0_crop5.jpg,solo,music_performing
vh3aws_0_crop0.jpg,group,everyday
vh3aws_0_crop1.jpg,solo,outdoors
vjbm95_0_crop0.jpg,solo,everyday
vjbm95_0_crop1.jpg,solo,outdoors
vjbm95_0_crop2.jpg,selfie,everyday
vjbm95_0_crop3.jpg,solo,sport_gym
vjbm95_0_crop4.jpg,solo,outdoors
vjbm95_0_crop5.jpg,solo,everyday
vkqdhq_0_crop0.jpg,solo,outdoors
vkqdhq_2_crop0.jpg,solo,everyday
vkqdhq_2_crop1.jpg,no_person,animal
vkqdhq_2_crop2.jpg,no_person,animal
vkqdhq_3_crop0.jpg,no_person,animal
vkqdhq_4_crop0.jpg,group,everyday
vkqdhq_5_crop0.jpg,solo,everyday
vkqdhq_5_crop1.jpg,solo,outdoors
vkqdhq_6_crop1.jpg,solo,outdoors
vlcsg0_0_crop0.jpg,solo,everyday
vm87pi_0_crop0.jpg,solo,outdoors
vm87pi_0_crop1.jpg,solo,food_restaurant
vm87pi_0_crop2.jpg,solo,food_restaurant
vm87pi_0_crop3.jpg,solo,animal
vm87pi_0_crop4.jpg,solo,everyday
vm87pi_0_crop5.jpg,solo,everyday
vmrc88_0_crop0.jpg,solo,everyday
vo8qoq_0_crop0.jpg,solo,outdoors
vrcfmb_0_crop0.jpg,solo,everyday
vrcfmb_0_crop1.jpg,solo,outdoors
vrcfmb_0_crop2.jpg,solo,outdoors
vrcfmb_0_crop3.jpg,solo,outdoors
vrcfmb_0_crop4.jpg,solo,music_performing
vrcfmb_0_crop5.jpg,solo,outdoors
vuemi0_0_crop0.jpg,solo,everyday
vuemi0_0_crop1.jpg,solo,travel_landmark
vuemi0_0_crop2.jpg,selfie,outdoors
vuemi0_0_crop3.jpg,solo,outdoors
vuemi0_0_crop4.jpg,solo,everyday
vuemi0_0_crop5.jpg,solo,everyday
vxnh8r_0_crop0.jpg,solo,outdoors
vxnh8r_2_crop0.jpg,solo,everyday
vxnh8r_3_crop0.jpg,solo,everyday
vxnh8r_6_crop0.jpg,solo,everyday
vxnh8r_7_crop0.jpg,group,outdoors
w4cx2g_0_crop0.jpg,solo,everyday
w5rk60_0_crop0.jpg,solo,everyday
w9ujgl_0_crop0.jpg,solo,everyday
wd5t9z_0_crop0.jpg,solo,outdoors
winxb3_0_crop0.jpg,group,everyday
wpgcjy_0_crop0.jpg,solo,outdoors
wqqg9g_0_crop0.jpg,solo,outdoors
wsqoxu_0_crop0.jpg,solo,everyday
wud4wb_0_crop0.jpg,solo,everyday
wud4wb_0_crop2.jpg,solo,everyday
wud4wb_0_crop3.jpg,solo,outdoors
wud4wb_0_crop4.jpg,solo,everyday
wud4wb_0_crop5.jpg,group,nightlife
wud4wb_0_crop6.jpg,solo,sport_gym
wvqvfh_0_crop0.jpg,solo,everyday
x7044u_0_crop0.jpg,solo,everyday
x8i9mp_0_crop0.jpg,selfie,everyday
x94vth_0_crop0.jpg,no_person,animal
xap7yp_2_crop0.jpg,solo,outdoors
xap7yp_3_crop0.jpg,solo,everyday
xap7yp_4_crop0.jpg,group,everyday
xap7yp_4_crop1.jpg,group,everyday
xgo18u_2_crop0.jpg,solo,everyday
xgo18u_3_crop0.jpg,selfie,everyday
xgo18u_5_crop0.jpg,solo,everyday
xgo18u_7_crop0.jpg,solo,everyday
xgrt39_0_crop0.jpg,solo,outdoors
xoorkb_0_crop0.jpg,solo,outdoors
xoorkb_0_crop2.jpg,solo,outdoors
xoorkb_0_crop3.jpg,solo,outdoors
xoorkb_0_crop4.jpg,solo,outdoors
xoorkb_0_crop5.jpg,solo,outdoors
xoorkb_0_crop6.jpg,group,outdoors
xtv8vz_0_crop0.jpg,solo,everyday
xv2xv3_0_crop0.jpg,solo,everyday
xwhf8y_0_crop0.jpg,solo,everyday
y3ysj1_1_crop0.jpg,solo,animal
y3ysj1_1_crop1.jpg,solo,outdoors
y3ysj1_2_crop0.jpg,solo,outdoors
y3ysj1_3_crop0.jpg,group,outdoors
y3ysj1_4_crop0.jpg,group,outdoors
y3ysj1_4_crop1.jpg,group,outdoors
y4plvo_0_crop0.jpg,solo,everyday
y5zgxj_0_crop0.jpg,solo,outdoors
y6j0jf_0_crop0.jpg,selfie,everyday
y7odj5_0_crop0.jpg,solo,outdoors
y97777_0_crop0.jpg,solo,outdoors
yce9ze_0_crop0.jpg,solo,outdoors
yce9ze_0_crop1.jpg,solo,everyday
yce9ze_0_crop2.jpg,solo,animal
yce9ze_0_crop3.jpg,selfie,outdoors
yce9ze_0_crop4.jpg,solo,outdoors
yce9ze_0_crop5.jpg,no_person,animal
ysfsdb_0_crop0.jpg,solo,food_restaurant
ysfsdb_10_crop1.jpg,solo,outdoors
ysfsdb_3_crop1.jpg,no_person,outdoors
ysfsdb_4_crop1.jpg,solo,outdoors
ysfsdb_5_crop0.jpg,solo,outdoors
ysfsdb_9_crop1.jpg,solo,sport_gym
yxx4lf_0_crop0.jpg,solo,outdoors
yy6c4o_0_crop0.jpg,solo,outdoors
z2h1sm_0_crop0.jpg,solo,outdoors
z7li2m_0_crop0.jpg,solo,outdoors
zbkfpv_0_crop0.jpg,solo,outdoors
zbkfpv_1.jpg,solo,outdoors
zbkfpv_10.jpg,solo,outdoors
zbkfpv_11_crop1.jpg,solo,outdoors
zbkfpv_12_crop0.jpg,solo,outdoors
zbkfpv_13_crop0.jpg,solo,outdoors
zbkfpv_14_crop0.jpg,solo,outdoors
zbkfpv_16.jpg,solo,outdoors
zbkfpv_17_crop0.jpg,solo,outdoors
zbkfpv_18_crop0.jpg,solo,outdoors
zbkfpv_19_crop0.jpg,solo,outdoors
zbkfpv_20.jpg,solo,outdoors
zbkfpv_21.jpg,solo,everyday
zbkfpv_2_crop0.jpg,solo,outdoors
zbkfpv_3.jpg,solo,animal
zbkfpv_4.jpg,solo,everyday
zbkfpv_5_crop0.jpg,solo,outdoors
zbkfpv_6_crop0.jpg,solo,outdoors
zbkfpv_7_crop0.jpg,solo,outdoors
zbkfpv_8_crop0.jpg,solo,outdoors
zbkfpv_9.jpg,solo,everyday
zdpy5i_0_crop0.jpg,solo,outdoors
zgszg6_0_crop0.jpg,solo,outdoors
zj1y4t_0_crop0.jpg,solo,outdoors
zvdzp8_0_crop0.jpg,solo,outdoors
zwo31h_0_crop0.jpg,selfie,everyday
